Employee Id,First Name,Last Name,Department,Age,Experience,Salary
1,Camden,Savage,Asset Management,38,23,46975
2,Justina,Mcconnell,Customer Service,26,10,30711
3,Stewart,Moon,Human Resources,,14,25049
4,Tobias,Fletcher,Public Relations,,12,33309
5,Raja,Sims,Customer Service,,13,25274
6,Kirsten,Douglas,Advertising,,9,48583
7,Kylee,Lindsay,Research and Development,,24,39697
8,Deborah,Price,Asset Management,,2,24163
9,Imogene,Ochoa,Legal Department,40,30,17160
10,Justin,Keith,Advertising,24,23,35218
11,Daniel,Hughes,Legal Department,35,3,10378
12,Josephine,Kirk,,31,,18054
13,Linus,Mendez,,58,,20950
14,Paloma,Ryan,,51,,27707
15,Colin,Boyd,,27,,18543
16,Linda,Burke,,54,,16556
17,Sarah,Page,,55,,24624
18,Casey,Parks,Media Relations,58,,26379
19,Blair,Skinner,Research and Development,59,,28668
20,Melinda,Bray,Media Relations,45,4,47896
21,Roary,Gomez,Sales and Marketing,50,2,10446
22,Devin,Silva,Advertising,55,19,47970
23,Charles,Bradshaw,Tech Support,40,20,38705
24,Yolanda,Carroll,Advertising,51,21,44061
25,Illana,Whitley,Media Relations,24,12,47644
26,Chastity,Clarke,Asset Management,57,25,44466
27,Liberty,Strong,Legal Department,24,9,43138
28,Ulla,Ballard,Public Relations,46,6,17115
29,Steven,Byrd,Asset Management,29,26,26752
30,Chantale,Burks,Customer Relations,46,13,38742
31,Galvin,Myers,Quality Assurance,30,29,27207
32,Jennifer,Reilly,Accounting,57,,16580
33,Patience,Houston,,47,,39835
34,Amity,Guerrero,,41,,14005
35,Stephen,Levine,,50,,32971
36,Chaim,Cox,Public Relations,49,,13493
37,Kasimir,Horne,Customer Relations,28,6,42173
38,Buffy,Shelton,Public Relations,44,29,13707
39,Althea,Webb,Finances,40,19,47709
40,Amaya,Melendez,Advertising,30,25,28008
41,Desirae,Frederick,Finances,56,21,34554
42,Noelani,Wolfe,Accounting,26,24,19193
43,Jessamine,Cortez,Finances,44,16,30316
44,Grant,Lyons,Payroll,36,28,46823
45,Ava,Lane,Tech Support,43,24,35938
46,Bradley,Rollins,Finances,47,15,39658
47,Allen,Avery,Finances,29,11,31321
48,Keefe,Hendrix,Customer Service,52,7,39403
49,Indigo,Tanner,Customer Relations,42,23,14700
50,Cassandra,Avery,Tech Support,44,5,45923
51,Jordan,Robles,Finances,23,8,41753
52,Celeste,Carroll,Payroll,57,16,36226
53,Idola,Barron,Asset Management,40,9,20730
54,Danielle,Lawson,Media Relations,28,24,12302
55,Odessa,Chase,Advertising,53,7,27565
56,Bertha,Castillo,Accounting,56,3,28177
57,Maggy,Sheppard,Customer Relations,48,20,19573
58,Aline,Weeks,Customer Service,54,7,23919
59,Juliet,Heath,Media Relations,37,2,23086
60,Francis,Riley,Advertising,57,8,47216
61,Alana,Mendez,Human Resources,50,17,16601
62,Shafira,Johns,Legal Department,46,9,29830
63,Ralph,Bender,Media Relations,28,3,48433
64,Ian,Brennan,Legal Department,26,14,38495
65,Quinn,Holmes,Payroll,54,11,45829
66,Molly,Gillespie,Public Relations,31,18,30211
67,Wallace,Cummings,Legal Department,33,2,24889
68,Amery,Miranda,Media Relations,48,27,46795
69,Rosalyn,Harrison,Quality Assurance,41,20,45694
70,Arthur,Barnes,Human Resources,44,1,31188
71,Carlos,Wiley,Tech Support,38,28,43094
72,Scarlet,Lynn,Accounting,34,11,19770
73,Caesar,Charles,Quality Assurance,28,27,11400
74,Aladdin,Meadows,Advertising,23,23,21172
75,Stuart,Ross,Customer Relations,52,12,33047
76,Adele,Huber,Finances,33,22,37592
77,Mona,Briggs,Human Resources,45,28,22892
78,Moses,Guerra,Legal Department,37,30,23638
79,Inga,Skinner,Research and Development,26,27,36547
80,Candace,Bruce,Asset Management,54,19,19984
81,Leonard,Anderson,Tech Support,51,29,49148
82,Anjolie,Griffith,Quality Assurance,26,20,29873
83,Zachery,Levine,Accounting,26,10,14492
84,Inga,Baldwin,Customer Service,35,4,22641
85,Micah,Blevins,Sales and Marketing,38,23,23241
86,Bert,Wade,Tech Support,33,14,15562
87,Amal,Mcconnell,Advertising,38,17,43610
88,Brock,Hunter,Accounting,43,21,13862
89,Yolanda,Bernard,Accounting,32,7,31156
90,Kylan,Webster,Media Relations,32,15,28937
91,Maggy,Howard,Human Resources,51,7,16570
92,Imani,Dillon,Public Relations,25,4,16767
93,Zoe,Booth,Asset Management,58,23,29678
94,Hamilton,Morales,Accounting,41,25,24453
95,Sage,Wyatt,Finances,25,24,10540
96,Nerea,Haney,Tech Support,52,16,17756
97,Nadine,Franks,Customer Relations,52,3,31886
98,Aquila,Jacobson,Quality Assurance,30,5,39812
99,Wang,Doyle,Research and Development,32,27,30742
100,Beau,Richardson,Quality Assurance,46,24,30128
